"Human Gene Name","Synonym"
"KIF7","KIF7;KIF7;ENSG00000166813; ACLS; AGBK; HLS2; JBTS12; UNQ340"
"ALMS1","ALMS1;ALMS1;ENSG00000116127; ALSS"
"MRE11","MRE11;MRE11;ENSG00000020922; ATLD; HNGS1; MRE11A; MRE11B"
"PCNA","PCNA;PCNA;ENSG00000132646; ATLD2"
"PKD1","PKD1;PKD1;ENSG00000008710; PBP; PC1; Pc-1; TRPP1"
"PKD2","PKD2;PKD2;ENSG00000118762; PC2; PKD4; Pc-2; APKD2; TRPP2"
"GANAB","GANAB;GANAB;ENSG00000089597; G2AN; GIIA; PKD3; GLUII"
"DNAJB11","DNAJB11;DNAJB11;ENSG00000090520; DJ9; EDJ; Dj-9; ERj3; PKD6; ABBP2; ERdj3; ERj3p; ABBP-2; UNQ537; PRO1080"
"PKHD1","PKHD1;PKHD1;ENSG00000170927; FPC; FCYT; PKD4; ARPKD; TIGM1"
"DZIP1L","DZIP1L;DZIP1L;ENSG00000158163; PKD5; DZIP2"
"IFT140","IFT140;IFT140;ENSG00000187535; RP80; MZSDS; SRTD9; WDTC2; gs114; c305C8.4; c380F5.1"
"ACOT13","ACOT13;ACOT13;ENSG00000112304; HT012; THEM2; PNAS-27"
"PTGER2","PTGER2;PTGER2;ENSG00000125384; EP2"
"ALG9","ALG9;ALG9;ENSG00000086848; CDG1L; DIBD1; GIKANIS; LOH11CR1J"
"CYS1",NA
"GLI1","GLI1;GLI1;ENSG00000111087; GLI; PPD1; PAPA8"
"PMM2","PMM2;PMM2;ENSG00000140650; PMI; CDG1; CDGS; PMI1; CDG1a; PMM 2"
"GNAS","GNAS;GNAS;ENSG00000087460; AHO; GSA; GSP; POH; GPSA; NESP; SCG6; SgVI; GNAS1; PITA3; C20orf45"
"PI4KB","PI4KB;PI4KB;ENSG00000143393; NPIK; PI4K92; PIK4CB; PI4KIII; PI4KBETA; PI4K-BETA; PI4KIIIBETA"
"TTC30A","TTC30A;TTC30A;ENSG00000197557; FAP259; IFT70A; TTC30B"
"STAT3","STAT3;STAT3;ENSG00000168610; APRF; HIES; ADMIO; ADMIO1"
"TTC21B","TTC21B;TTC21B;ENSG00000123607; ATD4; THM1; FAP60; FLA17; SRTD4; IFT139; JBTS11; NPHP12; IFT139B; Nbla10696"
"HNF1B","HNF1B;HNF1B;ENSG00000275410; T2D; FJHN; HNF2; LFB3; RCAD; TCF2; HPC11; LF-B3; MODY5; TCF-2; VHNF1; ADTKD3; HNF-1B; HNF1beta; HNF-1-beta"
"BBS1","BBS1;BBS1;ENSG00000174483; BBS2L2"
"BBS2","BBS2;BBS2;ENSG00000125124; BBS; RP74"
"ARL6","ARL6;ARL6;ENSG00000113966; BBS3; RP55"
"BBS4",NA
"BBS5",NA
"MKKS","MKKS;MKKS;ENSG00000125863; KMS; MKS; BBS6; HMCS"
"BBS7","BBS7;BBS7;ENSG00000138686; BBS2L1"
"TTC8","TTC8;TTC8;ENSG00000165533; BBS8; RP51"
"BBS9","BBS9;BBS9;ENSG00000122507; B1; D1; C18; PTHB1"
"BBS10","BBS10;BBS10;ENSG00000179941; C12orf58"
"TRIM32","TRIM32;TRIM32;ENSG00000119401; HT2A; BBS11; TATIP; LGMD2H; LGMDR8"
"BBS12","BBS12;BBS12;ENSG00000181004; C4orf24"
"MKS1","MKS1;MKS1;ENSG00000011143; MES; MKS; BBS13; POC12; JBTS28"
"CEP290","CEP290;CEP290;ENSG00000198707; CT87; MKS4; POC3; rd16; BBS14; JBTS5; LCA10; NPHP6; SLSN6; 3H11Ag"
"WDPCP","WDPCP;WDPCP;ENSG00000143951; FRTZ; BBS15; FRITZ; CHDTHP; C2orf86; CPLANE5"
"SDCCAG8","SDCCAG8;SDCCAG8;ENSG00000054282; BBS16; CCCAP; SLSN7; NPHP10; hCCCAP; HSPC085; NY-CO-8; CCCAP SLSN7"
"LZTFL1","LZTFL1;LZTFL1;ENSG00000163818; BBS17"
"BBIP1","BBIP1;BBIP1;ENSG00000214413; BBS18; BBIP10; bA348N5.3; NCRNA00081"
"IFT27","IFT27;IFT27;ENSG00000100360; RAYL; BBS19; RABL4; FAP156"
"IFT172","IFT172;IFT172;ENSG00000138002; SLB; wim; RP71; BBS20; osm-1; NPHP17; SRTD10"
"C8orf37","CFAP418;C8orf37;ENSG00000156172; RP64; BBS21; MOT25; CORD16; FAP418; C8orf37; smalltalk"
"IFT74","IFT74;IFT74;ENSG00000096872; CMG1; BBS22; CCDC2; CMG-1; JBTS40; SPGF58"
"SCLT1","SCLT1;SCLT1;ENSG00000151466; CAP1A; CAP-1A"
"ACTRT1","ACTRT1;ACTRT1;ENSG00000123165; AIP1; ARIP1; ARPT1; HSD27"
"TTC26","TTC26;TTC26;ENSG00000105948; BRENS; DYF13; IFT56; dyf-13"
"FLCN","FLCN;FLCN;ENSG00000154803; BHD; FLCL; DENND8B"
"RAB23","RAB23;RAB23;ENSG00000112210; HSPC137"
"MEGF8","MEGF8;MEGF8;ENSG00000105429; SBP1; CRPT2; EGFL4; C19orf49"
"TMEM67","TMEM67;TMEM67;ENSG00000164953; MKS3; JBTS6; NPHP11; TNEM67; MECKELIN"
"CC2D2A","CC2D2A;CC2D2A;ENSG00000048342; MKS6; RP93; JBTS9; COACH2"
"RPGRIP1L","RPGRIP1L;RPGRIP1L;ENSG00000103494; FTM; MKS5; CORS3; JBTS7; NPHP8; COACH3; PPP1R134"
"TAPT1","TAPT1;TAPT1;ENSG00000169762; CMVFR; OCLSBG"
"CRX","CRX;CRX;ENSG00000105392; CRD; LCA7; OTX3; CORD2"
"ABCA4","ABCA4;ABCA4;ENSG00000198691; FFM; RMP; ABCR; RP19; STGD; ABC10; ARMD2; CORD3; STGD1"
"PDE6C","PDE6C;PDE6C;ENSG00000095464; COD4; ACHM5; PDEA2"
"PITPNM3","PITPNM3;PITPNM3;ENSG00000091622; NIR1; ACKR6; CORD5; RDGBA3"
"GUCY2D","GUCY2D;GUCY2D;ENSG00000132518; LCA; CG-E; CYGD; LCA1; RCD2; CACD1; CORD5; CORD6; GUC2D; ROSGC; retGC; CSNB1I; GUC1A4; RETGC-1; ROS-GC1"
"RIMS1","RIMS1;RIMS1;ENSG00000079841; RIM; RIM1; CORD7; RAB3IP2"
"ADAM9","ADAM9;ADAM9;ENSG00000168615; MCMP; MDC9; CORD9; Mltng"
"SEMA4A","SEMA4A;SEMA4A;ENSG00000196189; RP35; SEMB; SEMAB; CORD10"
"RAX2","RAX2;RAX2;ENSG00000173976; QRX; ARMD6; RAXL1; CORD11"
"PROM1","PROM1;PROM1;ENSG00000007062; RP41; AC133; CD133; MCDR2; STGD4; CORD12; PROML1; MSTP061"
"RPGRIP1","RPGRIP1;RPGRIP1;ENSG00000092200; LCA6; RGI1; RGRIP; CORD13; RPGRIP; RPGRIP1d"
"GUCA1A","GUCA1A;GUCA1A;ENSG00000048545; COD3; GCAP; GUCA; GCAP1; GUCA1; CORD14; C6orf131"
"CDHR1","CDHR1;CDHR1;ENSG00000148600; RP65; PRCAD; CORD15; PCDH21"
"RAB28","RAB28;RAB28;ENSG00000157869; CORD18"
"TTLL5","TTLL5;TTLL5;ENSG00000119685; STAMP; CORD19; KIAA0998"
"POC1B","POC1B;POC1B;ENSG00000139323; PIX1; CORD20; TUWD12; WDR51B"
"DRAM2","DRAM2;DRAM2;ENSG00000156171; CORD21; PRO180; TMEM77; WWFQ154"
"TLCD3B","TLCD3B;TLCD3B;ENSG00000149926; CORD22; FAM57B; FP1188"
"RPGR","RPGR;RPGR;ENSG00000156313; CRD; RP3; COD1; PCDX; RP15; XLRP3; orf15; CORDX1"
"CACNA1F","CACNA1F;CACNA1F;ENSG00000102001; JM8; OA2; AIED; COD3; COD4; JMC8; CORDX; CSNB2; CORDX3; CSNB2A; CSNBX2; Cav1.4; Cav1.4alpha1"
"DYNC2I2","DYNC2I2;DYNC2I2;ENSG00000119333; DIC5; WDR34; FAP133; SRTD11; CFAP133; bA216B9.3"
"GATA6",NA
"NIPBL","NIPBL;NIPBL;ENSG00000164190; CDLS; IDN3; Scc2; CDLS1; IDN3-B"
"SMC1A","SMC1A;SMC1A;ENSG00000072501; SMC1; SMCB; CDLS2; DEE85; SB1.8; EIEE85; SMC1L1; DXS423E; SMC1alpha"
"SMC3","SMC3;SMC3;ENSG00000108055; BAM; BMH; HCAP; CDLS3; CSPG6; SMC3L1"
"RAD21","RAD21;RAD21;ENSG00000164754; MGS; HR21; MCD1; NXP1; SCC1; CDLS4; hHR21; HRAD21"
"HDAC8","HDAC8;HDAC8;ENSG00000147099; HD8; WTS; RPD3; CDA07; CDLS5; KDAC8; MRXS6; HDACL1"
"ANKRD11","ANKRD11;ANKRD11;ENSG00000167522; T13; LZ16; ANCO1; ANCO-1"
"BRD4","BRD4;BRD4;ENSG00000141867; CAP; MCAP; HUNK1; HUNKI"
"IFT122","IFT122;IFT122;ENSG00000163913; CED; SPG; CED1; FAP80; WDR10; WDR10p; WDR140"
"WDR35","WDR35;WDR35;ENSG00000118965; CED2; IFTA1; SRTD7; FAP118; IFT121"
"IFT43","IFT43;IFT43;ENSG00000119650; CED3; RP81; SRTD18; C14orf179"
"WDR19","WDR19;WDR19;ENSG00000157796; ATD5; CED4; DYF-2; FAP66; ORF26; Oseg6; PWDMP; SRTD5; IFT144; NPHP13; SPGF72"
"IFT52","IFT52;IFT52;ENSG00000101052; NGD2; NGD5; CGI-53; C20orf9"
"EVC","EVC;EVC;ENSG00000072840; EVC1; EVCL; DWF-1"
"EVC2","EVC2;EVC2;ENSG00000173040; LBN; WAD"
"GLI3","GLI3;GLI3;ENSG00000106571; PHS; ACLS; GCPS; PAPA; PAPB; PAP-A; PAPA1; PPDIV; GLI3FL; GLI3-190"
"SIX3","SIX3;SIX3;ENSG00000138083; HPE2"
"SHH","SHH;SHH;ENSG00000164690; TPT; HHG1; HLP3; HPE3; SMMCI; ShhNC; TPTPS; MCOPCB5"
"TGIF1","TGIF1;TGIF1;ENSG00000177426; HPE4; TGIF"
"ZIC2","ZIC2;ZIC2;ENSG00000043355; HPE5"
"PTCH1","PTCH1;PTCH1;ENSG00000185920; PTC; BCNS; PTC1; PTCH; NBCCS"
"GLI2","GLI2;GLI2;ENSG00000074047; CJS; HPE9; PHS2; THP1; THP2"
"CDON","CDON;CDON;ENSG00000064309; CDO; Ihog; CDON1; HPE11; ORCAM"
"CNOT1","CNOT1;CNOT1;ENSG00000125107; NOT1; CDC39; HPE12; NOT1H; VIBOS; AD-005"
"STAG2","STAG2;STAG2;ENSG00000101972; SA2; MKMS; SA-2; HPE13; SCC3B; NEDXCF; bA517O1.1"
"HYLS1","HYLS1;HYLS1;ENSG00000198331; HLS"
"INPP5E","INPP5E;INPP5E;ENSG00000148384; CPD4; CORS1; JBTS1; MORMS; PPI5PIV; pharbin"
"TMEM216","TMEM216;TMEM216;ENSG00000187049; HSPC244"
"AHI1","AHI1;AHI1;ENSG00000135541; ORF1; AHI-1; JBTS3; dJ71N10.1"
"NPHP1","NPHP1;NPHP1;ENSG00000144061; NPH1; JBTS4; SLSN1"
"ARL13B","ARL13B;ARL13B;ENSG00000169379; JBTS8; ARL2L1"
"OFD1","OFD1;OFD1;ENSG00000046651; RP23; 71-7A; SGBS2; CXorf5; JBTS10"
"TCTN1","TCTN1;TCTN1;ENSG00000204852; TECT1; JBTS13"
"TMEM237","TMEM237;TMEM237;ENSG00000155755; JBTS14; ALS2CR4"
"CEP41","CEP41;CEP41;ENSG00000106477; JBTS15; TSGA14"
"TMEM138","TMEM138;TMEM138;ENSG00000149483; HSPC196"
"CPLANE1","CPLANE1;CPLANE1;ENSG00000197603; Hug; OFD6; JBTS17; C5orf42"
"TCTN3","TCTN3;TCTN3;ENSG00000119977; OFD4; TECT3; JBTS18; C10orf61"
"ZNF423","ZNF423;ZNF423;ENSG00000102935; OAZ; Roaz; hOAZ; Ebfaz; JBTS19; NPHP14; ZFP423; Zfp104"
"TMEM231","TMEM231;TMEM231;ENSG00000205084; MKS11; JBTS20; ALYE870; PRO1886"
"CSPP1","CSPP1;CSPP1;ENSG00000104218; CSPP; CSPP-L; JBTS21"
"PDE6D","PDE6D;PDE6D;ENSG00000156973; PDED; JBTS22"
"KIAA0586","KIAA0586;KIAA0586;ENSG00000100578; JBTS23; SRTD14; Talpid3"
"TCTN2","TCTN2;TCTN2;ENSG00000168778; MKS8; TECT2; JBTS24; C12orf38"
"CEP104","CEP104;CEP104;ENSG00000116198; GlyBP; ROC22; JBTS25; CFAP256; KIAA0562"
"KATNIP","KATNIP;KATNIP;ENSG00000047578; JBTS26; KIAA0556"
"B9D1","B9D1;B9D1;ENSG00000108641; B9; MKS9; EPPB9; MKSR1; JBTS27; MKSR-1"
"TMEM107","TMEM107;TMEM107;ENSG00000179029; MKS13; JBTS29; GRVS638; PRO1268"
"ARMC9","ARMC9;ARMC9;ENSG00000135931; ARM; NS21; JBTS30; KU-MEL-1"
"CEP120","CEP120;CEP120;ENSG00000168944; JBTS31; SRTD13; CCDC100"
"SUFU","SUFU;SUFU;ENSG00000107882; SUFUH; JBTS32; SUFUXL; PRO1280"
"PIBF1","PIBF1;PIBF1;ENSG00000083535; PIBF; CEP90; JBTS33; C13orf24"
"B9D2","B9D2;B9D2;ENSG00000123810; MKS10; MKSR2; ICIS-1; JBTS34; MKSR-2"
"ARL3","ARL3;ARL3;ENSG00000138175; RP83; ARFL3; JBTS35"
"FAM149B1","FAM149B1;FAM149B1;ENSG00000138286; JBTS36; KIAA0974"
"TOGARAM1","TOGARAM1;TOGARAM1;ENSG00000198718; JBTS37; FAM179B; KIAA0423"
"KIAA0753","KIAA0753;KIAA0753;ENSG00000198920; MNR; OFIP; JBTS38; SRTD21"
"TMEM218","TMEM218;TMEM218;ENSG00000150433; JBTS39"
"CBY1","CBY1;CBY1;ENSG00000100211; CBY; arb1; PGEA1; C22orf2; Chibby1; PIGEA14; PIGEA-14; HS508I15A"
"CC2D1A","CC2D1A;CC2D1A;ENSG00000132024; Lgd2; MRT3; TAPE; Aki-1; FREUD-1; Freud-1/Aki1"
"LRRCC1","LRRCC1;LRRCC1;ENSG00000133739; SAP2; VFL1; CLERC; CLERK"
"ADAMTS9",NA
"LAMA1","LAMA1;LAMA1;ENSG00000101680; LAMA; PTBHS; S-LAM-alpha"
"EFHC1","EFHC1;EFHC1;ENSG00000096093; EJM1; POC9; RIB72; dJ304B14.2"
"GABRA1","GABRA1;GABRA1;ENSG00000022355; EJM; ECA4; EJM5; DEE19; EIEE19"
"CACNB4","CACNB4;CACNB4;ENSG00000182389; EA5; EJM; CAB4; EIG9; EJM4; EJM6; CACNLB4"
"GABRD","GABRD;GABRD;ENSG00000187730; EJM7; EIG10; GEFSP5"
"CLCN2","CLCN2;CLCN2;ENSG00000114859; CLC2; ECA2; ECA3; EGI3; EGMA; EJM6; EJM8; CIC-2; EGI11; HALD2; LKPAT; clC-2"
"ICK","CILK1;ICK;ENSG00000112144; ECO; ICK; MRK; LCK2; hICK; EJM10"
"WDR11","WDR11;WDR11;ENSG00000120008; DR11; HH14; SRI1; BRWD2; WDR15"
"PNPLA6","PNPLA6;PNPLA6;ENSG00000032444; NTE; sws; BNHS; LNMS; OMCS; SPG39; NTEMND; iPLA2delta"
"RPE65","RPE65;RPE65;ENSG00000116745; p63; BCO3; LCA2; RP20; rd12; mRPE65; sRPE65"
"SPATA7","SPATA7;SPATA7;ENSG00000042317; HSD3; LCA3; RP94; HSD-3.1; HEL-S-296"
"AIPL1","AIPL1;AIPL1;ENSG00000129221; LCA4; AIPL2"
"LCA5","LCA5;LCA5;ENSG00000135338; C6orf152"
"CRB1","CRB1;CRB1;ENSG00000134376; LCA8; RP12; CRB1-A; CRB1-B; CRB1-C"
"NMNAT1","NMNAT1;NMNAT1;ENSG00000173614; LCA9; NMNAT; PNAT1; SHILCA"
"IMPDH1","IMPDH1;IMPDH1;ENSG00000106348; IMPD; RP10; IMPD1; LCA11; IMPDH-I; sWSS2608"
"RD3","RD3;RD3;ENSG00000198570; LCA12; C1orf36"
"RDH12","RDH12;RDH12;ENSG00000139988; RP53; LCA13; SDR7C2"
"LRAT","LRAT;LRAT;ENSG00000121207; LCA14"
"TULP1","TULP1;TULP1;ENSG00000112041; RP14; LCA15; TUBL1"
"KCNJ13","KCNJ13;KCNJ13;ENSG00000115474; SVD; LCA16; KIR1.4; KIR7.1"
"GDF6","GDF6;GDF6;ENSG00000156466; KFM; KFS; KFS1; KFSL; SGM1; BMP13; CDMP2; SYNS4; BMP-13"
"PRPH2","PRPH2;PRPH2;ENSG00000112619; DS; RDS; RP7; rd2; AVMD; PRPH; AOFMD; CACD2; MDBS1; TSPAN22"
"USP45","USP45;USP45;ENSG00000123552; LCA19"
"IQCB1","IQCB1;IQCB1;ENSG00000173226; PIQ; NPHP5; SLSN5"
"OCRL","OCRL;OCRL;ENSG00000122126; LOCR; DENT2; NPHL2; OCRL1; Dent-2; INPP5F; OCRL-1"
"NPHP3","NPHP3;NPHP3;ENSG00000113971; MKS7; NPH3; RHPD; RHPD1; SLSN3; CFAP31"
"KIF14","KIF14;KIF14;ENSG00000118193; MKS12; MCPH20"
"CEP55","CEP55;CEP55;ENSG00000138180; CT111; MARCH; URCC6; C10orf3"
"TXNDC15","TXNDC15;TXNDC15;ENSG00000113621; BUG; MKS14; UNQ335; C5orf14"
"PTCH2","PTCH2;PTCH2;ENSG00000117425; PTC2"
"CTNNB1","CTNNB1;CTNNB1;ENSG00000168036; EVR7; CTNNB; MRD19; NEDSDV; armadillo"
"BRCA2","BRCA2;BRCA2;ENSG00000139618; FAD; FACD; FAD1; GLM3; BRCC2; FANCD; PNCA2; FANCD1; XRCC11; BROVCA2"
"ELP1","ELP1;ELP1;ENSG00000070061; FD; DYS; IKAP; IKI3; TOT1; IKBKAP"
"CEP19","CEP19;CEP19;ENSG00000174007; MOSPGF; C3orf34"
"DCDC2","DCDC2;DCDC2;ENSG00000146038; NSC; RU2; RU2S; DCDC2A; DFNB66; NPHP19"
"INVS","INVS;INVS;ENSG00000119509; INV; NPH2; NPHP2"
"NPHP4","NPHP4;NPHP4;ENSG00000131697; POC10; SLSN4"
"GLIS2","GLIS2;GLIS2;ENSG00000126603; NKL; NPHP7"
"NEK8","NEK8;NEK8;ENSG00000160602; JCK; NPHP9; RHPD2; NEK12A"
"CEP164","CEP164;CEP164;ENSG00000110274; NPHP15"
"ANKS6","ANKS6;ANKS6;ENSG00000165138; PKDR1; SAMD6; NPHP16; ANKRD14"
"CEP83","CEP83;CEP83;ENSG00000173588; CCDC41; NPHP18; NY-REN-58"
"MAPKBP1","MAPKBP1;MAPKBP1;ENSG00000137802; JNKBP1; NPHP20; JNKBP-1"
"XPNPEP3","XPNPEP3;XPNPEP3;ENSG00000196236; APP3; ICP55; NPHPL1"
"DDX59","DDX59;DDX59;ENSG00000118197; OFD5; ZNHIT5"
"C2CD3","C2CD3;C2CD3;ENSG00000168014; OFD14"
"INTU","INTU;INTU;ENSG00000164066; INT; OFD17; PDZD6; PDZK6; SRTD20; CPLANE4"
"IFT57","IFT57;IFT57;ENSG00000114446; HIPPI; OFD18; MHS4R2; ESRRBL1"
"DNAI1","DNAI1;DNAI1;ENSG00000122735; PCD; DIC1; ICS1; CILD1"
"DNAAF3","DNAAF3;DNAAF3;ENSG00000167646; PCD; DAB1; PF22; CILD2; C19orf51"
"DNAH5","DNAH5;DNAH5;ENSG00000039139; HL1; PCD; CILD3; KTGNR; DNAHC5"
"HYDIN","HYDIN;HYDIN;ENSG00000157423; CILD5; HYDIN1; HYDIN2; PPP1R31"
"NME8","NME8;NME8;ENSG00000086288; CILD6; DNAI8; SPTRX2; TXNDC3; NM23-H8; sptrx-2; HEL-S-99"
"DNAH11","DNAH11;DNAH11;ENSG00000105877; CILD7; DNHBL; DPL11; DNAHBL; DNAHC11"
"DNAI2","DNAI2;DNAI2;ENSG00000171595; DIC2; CILD9"
"DNAAF2","DNAAF2;DNAAF2;ENSG00000165506; KTU; PF13; CILD10; C14orf104"
"RSPH4A","RSPH4A;RSPH4A;ENSG00000111834; RSHL3; CILD11; RSPH6B; dJ412I7.1"
"RSPH9","RSPH9;RSPH9;ENSG00000172426; CILD12; C6orf206; MRPS18AL1"
"DNAAF1","DNAAF1;DNAAF1;ENSG00000154099; swt; DAU1; ODA7; CILD13; LRRC50"
"CCDC39","CCDC39;CCDC39;ENSG00000284862; FAP59; CFAP59; CILD14"
"CCDC40","CCDC40;CCDC40;ENSG00000141519; CILD15; FAP172; CFAP172"
"DNAL1","DNAL1;DNAL1;ENSG00000119661; LC1; CILD16; C14orf168"
"CCDC103","CCDC103;CCDC103;ENSG00000167131; SMH; PR46b; CILD17"
"DNAAF5","DNAAF5;DNAAF5;ENSG00000164818; CILD18; HEATR2"
"LRRC6",NA
"ODAD1","ODAD1;ODAD1;ENSG00000105479; CILD20; CCDC114"
"DRC1","DRC1;DRC1;ENSG00000157856; CILD21; C2orf39; CCDC164"
"ZMYND10","ZMYND10;ZMYND10;ENSG00000004838; BLU; FLU; CILD22; DNAAF7"
"ODAD2","ODAD2;ODAD2;ENSG00000169126; gudu; ARMC4; CILD23"
"RSPH1","RSPH1;RSPH1;ENSG00000160188; CT79; TSA2; RSP44; TSGA2; RSPH10A"
"DNAAF4","DNAAF4;DNAAF4;ENSG00000256061; RD; DYX1; EKN1; DYXC1; CILD25; DYX1C1"
"CFAP298","CFAP298;CFAP298;ENSG00000159079; Kur; FBB18; CILD26; DNAAF16; C21orf48; C21orf59"
"CCDC65","CCDC65;CCDC65;ENSG00000139537; DRC2; FAP250; CFAP250; NYD-SP28"
"SPAG1","SPAG1;SPAG1;ENSG00000104450; SP75; TPIS; CT140; CILD28; DNAAF13; HSD-3.8; HEL-S-268"
"CCNO","CCNO;CCNO;ENSG00000152669; CCNU; UDG2; CILD29"
"ODAD3","ODAD3;ODAD3;ENSG00000198003; ODA10; CILD30; CCDC151"
"RSPH3","RSPH3;RSPH3;ENSG00000130363; RSP3; RSHL2; CILD32; dJ111C20.1"
"GAS8","GAS8;GAS8;ENSG00000141013; DRC4; GAS11; CILD33"
"DNAJB13","DNAJB13;DNAJB13;ENSG00000187726; CILD34; TSARG5; TSARG6; RSPH16A"
"ODAD4","ODAD4;ODAD4;ENSG00000204815; TTC25"
"DNAAF6","DNAAF6;DNAAF6;ENSG00000080572; CILD36; PIH1D3; CXorf41; NYSAR97; TWISTER"
"DNAH1","DNAH1;DNAH1;ENSG00000114841; HL11; HDHC7; HL-11; CILD37; DNAHC1; HSRF-1; SPGF18; XLHSRF-1"
"CFAP300","CFAP300;CFAP300;ENSG00000137691; FBB5; CILD38; DNAAF17; C11orf70"
"LRRC56","LRRC56;LRRC56;ENSG00000161328; CILD39; DNAAF12"
"DNAH9","DNAH9;DNAH9;ENSG00000007174; DYH9; HL20; DNEL1; HL-20; CILD40; Dnahc9; DNAH17L"
"GAS2L2","GAS2L2;GAS2L2;ENSG00000270765; GAR17; CILD41"
"MCIDAS","MCIDAS;MCIDAS;ENSG00000234602; MCI; IDAS; MCIN; CILD42"
"FOXJ1","FOXJ1;FOXJ1;ENSG00000129654; HFH4; HFH-4; CILD43; FKHL13"
"NEK10","NEK10;NEK10;ENSG00000163491; CILD44"
"TTC12","TTC12;TTC12;ENSG00000149292; TPARM; CILD45"
"STK36","STK36;STK36;ENSG00000163482; FU; CILD46"
"TP73","TP73;TP73;ENSG00000078900; P73; CILD47"
"NME5","NME5;NME5;ENSG00000112981; NM23H5; RSPH23; NM23-H5"
"NME7","NME7;NME7;ENSG00000143156; NDK7; NDK 7; CFAP67; MN23H7; nm23-H7"
"IFT46","IFT46;IFT46;ENSG00000118096; CFAP32; C11orf2; C11orf60"
"CFAP57","CFAP57;CFAP57;ENSG00000243710; VWS2; WDR65"
"CFAP221","CFAP221;CFAP221;ENSG00000163075; PCDP1; FAP221"
"SPEF2","SPEF2;SPEF2;ENSG00000152582; KPL2; CT122; SPGF43"
"CFAP54","CFAP54;CFAP54;ENSG00000188596; C12orf55; C12orf63"
"CFAP206","CFAP206;CFAP206;ENSG00000272514; C6orf165; dJ382I10.1"
"AKNA",NA
"GOLGA3","GOLGA3;GOLGA3;ENSG00000090615; MEA-2; GCP170"
"SPAG6","SPAG6;SPAG6;ENSG00000077327; pf16; CT141; FAP194; CFAP194; Repro-SA-1"
"USP11","USP11;USP11;ENSG00000102226; UHX1"
"CRHR1","CRHR1;CRHR1;ENSG00000120088; CRF1; CRHR; CRF-R; CRFR1; CRF-R1; CRFR-1; CRH-R1; CRHR1L; CRF-R-1; CRH-R-1"
"KRT34","KRT34;KRT34;ENSG00000131737; HA4; K34; Ha-4; hHa4; KRTHA4"
"DNAH7",NA
"DNAH14","DNAH14;DNAH14;ENSG00000185842; HL18; HL-18; C1orf67; Dnahc14"
"SPAG16","SPAG16;SPAG16;ENSG00000144451; PF20; WDR29"
"DYNLRB2","DYNLRB2;DYNLRB2;ENSG00000168589; DNCL2B; DNLC2B; ROBLD2"
"WDR16","CFAP52;WDR16;ENSG00000166596; HTX10; WDR16; WDRPUH"
"BRWD1","BRWD1;BRWD1;ENSG00000185658; N143; WDR9; WRD9; DCAF19; C21orf107"
"CFAP74","CFAP74;CFAP74;ENSG00000142609; C1orf222; KIAA1751"
"CFAP410","CFAP410;CFAP410;ENSG00000160226; RDMS; SMDAX; LRRC76; YF5/A2; C21orf2"
"RP1","RP1;RP1;ENSG00000104237; ORP1; DCDC4A"
"RP2","RP2;RP2;ENSG00000102218; XRP2; NME10; TBCCD2; NM23-H10; DELXp11.3"
"RHO","RHO;RHO;ENSG00000163914; RP4; OPN2; CSNBAD1"
"ROM1","ROM1;ROM1;ENSG00000149489; ROM; RP7; ROSP1; TSPAN23"
"RP9","RP9;RP9;ENSG00000164610; PAP1; PAP-1"
"PRPF31","PRPF31;PRPF31;ENSG00000105618; RP11; PRP31; SNRNP61; NY-BR-99"
"EYS","EYS;EYS;ENSG00000188107; RP25; SPAM; EGFL10; EGFL11; C6orf178; C6orf179; C6orf180; bA74E24.1; dJ22I17.2; bA166P24.2; bA307F22.3; dJ1018A4.2; dJ303F19.1"
"CERKL","CERKL;CERKL;ENSG00000188452; RP26"
"NRL","NRL;NRL;ENSG00000129535; RP27; D14S46E; NRL-MAF"
"FAM161A","FAM161A;FAM161A;ENSG00000170264; RP28"
"FSCN2","FSCN2;FSCN2;ENSG00000186765; RFSN; RP30"
"TOPORS","TOPORS;TOPORS;ENSG00000197579; LUN; RP31; P53BP3; TP53BPL"
"CLCC1","CLCC1;CLCC1;ENSG00000121940; MCLC; RP32"
"SNRNP200","SNRNP200;SNRNP200;ENSG00000144028; BRR2; RP33; HELIC2; ASCC3L1; U5-200KD"
"PRCD","PRCD;PRCD;ENSG00000214140; RP36"
"NR2E3","NR2E3;NR2E3;ENSG00000278570; PNR; RNR; rd7; ESCS; RP37"
"MERTK","MERTK;MERTK;ENSG00000153208; MER; RP38; c-Eyk; c-mer; Tyro12"
"USH2A","USH2A;USH2A;ENSG00000042781; US2; RP39; USH2; dJ1111A8.1"
"PDE6B","PDE6B;PDE6B;ENSG00000133256; rd1; PDEB; RP40; CSNB3; CSNBAD2; GMP-PDEbeta"
"KLHL7","KLHL7;KLHL7;ENSG00000122550; CISS3; KLHL6; SBBI26; PERCHING"
"PDE6A","PDE6A;PDE6A;ENSG00000132915; PDEA; RP43; CGPR-A"
"RGR","RGR;RGR;ENSG00000148604; RP44"
"CNGB1","CNGB1;CNGB1;ENSG00000070729; CNG4; GAR1; GARP; RP45; CNCG2; CNCG4; GARP2; RCNC2; RCNCb; CNCG3L; CNGB1B; RCNCbeta"
"IDH3B","IDH3B;IDH3B;ENSG00000101365; RP46"
"SAG","SAG;SAG;ENSG00000130561; RP47; S-AG"
"GUCA1B","GUCA1B;GUCA1B;ENSG00000112599; RP48; GCAP2; GUCA2; GCAP 2"
"CNGA1","CNGA1;CNGA1;ENSG00000198515; CNCG; CNG1; RP49; CNCG1; CNG-1; RCNC1; RCNCa; RCNCalpha"
"BEST1","BEST1;BEST1;ENSG00000167995; ARB; BMD; BEST; RP50; VMD2; TU15B; Best1V1Delta2"
"PCARE","PCARE;PCARE;ENSG00000179270; RP54; C2orf71"
"IMPG2","IMPG2;IMPG2;ENSG00000081148; RP56; VMD5; IPM200; SPACRCAN"
"PDE6G","PDE6G;PDE6G;ENSG00000185527; PDEG; RP57"
"ZNF513","ZNF513;ZNF513;ENSG00000163795; RP58; Zfp513; HMFT0656"
"DHDDS","DHDDS;DHDDS;ENSG00000117682; DS; CIT; CPT; HDS; RP59; hCIT; DEDSM"
"PRPF6","PRPF6;PRPF6;ENSG00000101161; TOM; ANT1; Prp6; RP60; ANT-1; hPrp6; U5-102K; C20orf14; SNRNP102"
"CLRN1","CLRN1;CLRN1;ENSG00000163646; RP61; USH3; USH3A"
"MAK","MAK;MAK;ENSG00000111837; RP62"
"RBP3","RBP3;RBP3;ENSG00000265203; IRBP; RBPI; RP66; D10S64; D10S65; D10S66"
"NEK2","NEK2;NEK2;ENSG00000117650; NLK1; RP67; NEK2A; HsPK21; PPP1R111"
"SLC7A14","SLC7A14;SLC7A14;ENSG00000013293; PPP1R142"
"KIZ","KIZ;KIZ;ENSG00000088970; RP69; HT013; Kizuna; PLK1S1; C20orf19; NCRNA00153"
"PRPF4","PRPF4;PRPF4;ENSG00000136875; PRP4; RP70; HPRP4; Prp4p; HPRP4P; SNRNP60"
"ZNF408","ZNF408;ZNF408;ENSG00000175213; EVR6; RP72"
"HGSNAT","HGSNAT;HGSNAT;ENSG00000165102; RP73; HGNAT; MPS3C; TMEM76"
"AGBL5","AGBL5;AGBL5;ENSG00000084693; CCP5; RP75"
"POMGNT1","POMGNT1;POMGNT1;ENSG00000085998; MEB; RP76; GNTI.2; LGMD2O; GnT I.2; LGMDR15; MGAT1.2; gnT-I.2"
"REEP6","REEP6;REEP6;ENSG00000115255; RP77; DP1L1; TB2L1; Yip2f; REEP6.1; REEP6.2; C19orf32"
"ARHGEF18","ARHGEF18;ARHGEF18;ENSG00000104880; RP78; SA-RhoGEF; p114RhoGEF; P114-RhoGEF"
"HK1","HK1;HK1;ENSG00000156515; HK; HKD; HKI; HXK1; RP79; HMSNR; HK1-ta; HK1-tb; HK1-tc; NEDVIBA; hexokinase"
"DHX38","DHX38;DHX38;ENSG00000140829; RP84; DDX38; PRP16; PRPF16"
"AHR","AHR;AHR;ENSG00000106546; RP85; bHLHe76"
"KIAA1549","KIAA1549;KIAA1549;ENSG00000122778; RP86"
"RP1L1","RP1L1;RP1L1;ENSG00000183638; OCMD; RP88; DCDC4B"
"KIF3B","KIF3B;KIF3B;ENSG00000101350; FLA8; RP89; HH0048; KLP-11"
"IDH3A","IDH3A;IDH3A;ENSG00000166411; RP90"
"IMPG1","IMPG1;IMPG1;ENSG00000112706; RP91; VMD4; GP147; SPACR; IPM150"
"CFAP20","CFAP20;CFAP20;ENSG00000070761; GTL3; BUG22; EVORF; fSAP23; C16orf80"
"TRAF3IP1","TRAF3IP1;TRAF3IP1;ENSG00000204104; IFT54; MIPT3; SLSN9; FAP116; MIP-T3"
"POC1A","POC1A;POC1A;ENSG00000164087; PIX2; SOFT; WDR51A"
"IFT80","IFT80;IFT80;ENSG00000068885; ATD2; SRTD2; WDR56; FAP167"
"DYNC2H1","DYNC2H1;DYNC2H1;ENSG00000187240; ATD3; DHC2; DHC1b; DNCH2; DYH1B; SRTD3; SRPS2B; hdhc11"
"NEK1","NEK1;NEK1;ENSG00000137601; ALS24; SRPS2; SRTD6; SRPS2A; NY-REN-55"
"DYNC2I1","DYNC2I1;DYNC2I1;ENSG00000126870; DIC6; SRPS6; SRTD8; WDR60; FAP163; CFAP163"
"DYNC2LI1","DYNC2LI1;DYNC2LI1;ENSG00000138036; LIC3; D2LIC; CGI-60"
"DYNLT2B","DYNLT2B;DYNLT2B;ENSG00000213123; SRTD17; TCTEX1D2"
"IFT81","IFT81;IFT81;ENSG00000122970; DV1; CDV1; CDV-1; CDV1R; CDV-1R; SRTD19"
"GRK2","GRK2;GRK2;ENSG00000173020; BARK1; ADRBK1; BETA-ARK1"
"DHCR7","DHCR7;DHCR7;ENSG00000172893; SLOS"
"GPC3","GPC3;GPC3;ENSG00000147257; SGB; DGSX; MXR7; SDYS; SGBS; OCI-5; SGBS1; GTR2-2"
"ATXN1","ATXN1;ATXN1;ENSG00000124788; ATX1; SCA1; D6S504E"
"ATXN2","ATXN2;ATXN2;ENSG00000204842; ATX2; SCA2; TNRC13"
"SPTBN2","SPTBN2;SPTBN2;ENSG00000173898; SCA5; SCAR14; GTRAP41"
"CACNA1A","CACNA1A;CACNA1A;ENSG00000141837; BI; EA2; FHM; MHP; APCA; HPCA; MHP1; SCA6; DEE42; CAV2.1; EIEE42; CACNL1A4"
"ATXN7","ATXN7;ATXN7;ENSG00000163635; SCA7; OPCA3; SGF73; ADCAII"
"ATXN8",NA
"ATXN10","ATXN10;ATXN10;ENSG00000130638; E46L; ATX10; SCA10; HUMEEP"
"TTBK2","TTBK2;TTBK2;ENSG00000128881; TTBK; SCA11"
"PPP2R2B","PPP2R2B;PPP2R2B;ENSG00000156475; PR52B; SCA12; B55BETA; PR55BETA; PP2ABBETA; PP2APR55B; PR2ABBETA; PR55-BETA; PP2AB55BETA; PR2AB55BETA; PP2APR55BETA; PR2APR55BETA"
"KCNC3","KCNC3;KCNC3;ENSG00000131398; KV3.3; SCA13; KSHIIID"
"PRKCG","PRKCG;PRKCG;ENSG00000126583; PKCC; PKCG; SCA14; PKCI(3); PKCgamma; PKC-gamma"
"ITPR1","ITPR1;ITPR1;ENSG00000150995; ACV; CLA4; IP3R; IP3R1; SCA15; SCA16; SCA29; INSP3R1; PPP1R94"
"TBP","TBP;TBP;ENSG00000112592; HDL4; TBP1; GTF2D; SCA17; TFIID; GTF2D1"
"KCND3","KCND3;KCND3;ENSG00000171385; KV4.3; SCA19; SCA22; BRGDA9; KCND3L; KCND3S; KSHIVB"
"TMEM240","TMEM240;TMEM240;ENSG00000205090; SCA21; C1orf70"
"PDYN","PDYN;PDYN;ENSG00000101327; ADCA; PENKB; SCA23"
"eEF2","EEF2;eEF2;ENSG00000167658; EF2; EF-2; EEF-2; SCA26"
"FGF14","FGF14;FGF14;ENSG00000102466; FHF4; FHF-4; SCA27; FGF-14"
"AFG3L2","AFG3L2;AFG3L2;ENSG00000141385; OPA12; SCA28; SPAX5"
"BEAN1","BEAN1;BEAN1;ENSG00000166546; BEAN; SCA31"
"ELOVL4","ELOVL4;ELOVL4;ENSG00000118402; ADMD; CT118; ISQMR; SCA34; STGD2; STGD3"
"TGM6","TGM6;TGM6;ENSG00000166948; TG6; TGY; SCA35; TGM3L; dJ734P14.3"
"NOP56","NOP56;NOP56;ENSG00000101361; NOL5A; SCA36"
"DAB1","DAB1;DAB1;ENSG00000173406; SCA37"
"ELOVL5","ELOVL5;ELOVL5;ENSG00000012660; HELO1; SCA38; dJ483K16.1"
"CCDC88C","CCDC88C;CCDC88C;ENSG00000015133; HYC1; DAPLE; HKRP2; SCA40; KIAA1509"
"TRPC3","TRPC3;TRPC3;ENSG00000138741; TRP3; SCA41"
"CACNA1G","CACNA1G;CACNA1G;ENSG00000006283; NBR13; SCA42; Cav3.1; SCA42ND; Ca(V)T.1"
"MME","MME;MME;ENSG00000196549; NEP; SFE; CD10; CALLA; CMT2T; SCA43"
"GRM1","GRM1;GRM1;ENSG00000152822; MGLU1; SCA44; GPRC1A; MGLUR1; SCAR13; PPP1R85"
"FAT2","FAT2;FAT2;ENSG00000086570; CDHF8; CDHR9; HFAT2; MEGF1; SCA45"
"PLD3","PLD3;PLD3;ENSG00000105223; AD19; HUK4; HU-K4; SCA46"
"PUM1","PUM1;PUM1;ENSG00000134644; PUMH; HSPUM; PUMH1; PUML1; SCA47"
"STUB1","STUB1;STUB1;ENSG00000103266; CHIP; SCA48; UBOX1; SCAR16; HSPABP2; NY-CO-7; SDCCAG7"
"TDP1",NA
"Setx","SETX;Setx;ENSG00000107290; ALS4; AOA2; STEX; Sen1; SCAN2; SCAR1; bA479K20.2"
"COA7","COA7;COA7;ENSG00000162377; RESA1; SCAN3; SELRC1; C1orf163"
"FN1","FN1;FN1;ENSG00000115414; FN; CIG; FNZ; MSF; ED-B; FINC; GFND; LETS; GFND2; SMDCF"
"TRPV4","TRPV4;TRPV4;ENSG00000111199; SMAL; VRL2; BCYM3; CMT2C; SPSMA; TRP12; VROAC; HMSN2C; OTRPC4; SSQTL1"
"PAM16","PAM16;PAM16;ENSG00000217930; TIM16; MAGMAS; SMDMDM; TIMM16; CGI-136"
"PRKG2","PRKG2;PRKG2;ENSG00000138669; AMD4; PKG2; SMDP; cGK2; cGKII; PRKGR2"
"GPX4","GPX4;GPX4;ENSG00000167468; MCSP; SMDS; GPx-4; PHGPx; snGPx; GSHPx-4; snPHGPx"
"ACP5","ACP5;ACP5;ENSG00000102575; HPAP; TRAP; TRAcP; TRACP5a; TRACP5b; TrATPase"
"CCNQ","CCNQ;CCNQ;ENSG00000262919; CycM; FAM58A"
"CENPF","CENPF;CENPF;ENSG00000117724; CENF; hcp-1; CILD31; STROMS; PRO1779"
"SALL1","SALL1;SALL1;ENSG00000103449; TBS; HSAL1; Sal-1; ZNF794; HEL-S-89"
"LUZP1","LUZP1;LUZP1;ENSG00000169641; LUZP"
"MYO7A","MYO7A;MYO7A;ENSG00000137474; DFNB2; MYU7A; NSRD2; USH1B; DFNA11; MYOVIIA"
"USH1C","USH1C;USH1C;ENSG00000006611; PDZ73; AIE-75; DFNB18; PDZ-45; PDZ-73; PDZD7C; DFNB18A; NY-CO-37; NY-CO-38; ush1cpst; PDZ-73/NY-CO-38"
"CDH23","CDH23;CDH23;ENSG00000107736; PITA5; USH1D; CDHR23"
"PCDH15","PCDH15;PCDH15;ENSG00000150275; USH1F; CDHR15; DFNB23"
"USH1G","USH1G;USH1G;ENSG00000182040; SANS; ANKS4A"
"CIB2","CIB2;CIB2;ENSG00000136425; KIP2; USH1J; DFNB48"
"ADGRV1","ADGRV1;ADGRV1;ENSG00000164199; FEB4; GPR98; MASS1; USH2B; USH2C; VLGR1; VLGR1b"
"PDZD7","PDZD7;PDZD7;ENSG00000186862; PDZK7; DFNB57"
"WHRN","WHRN;WHRN;ENSG00000095397; WI; CIP98; USH2D; DFNB31; PDZD7B"
"HARS1","HARS1;HARS1;ENSG00000170445; HRS; HARS; CMT2W; USH3B"
"ARSG","ARSG;ARSG;ENSG00000141337; USH4"
"ZIC3","ZIC3;ZIC3;ENSG00000156925; HTX; HTX1; ZNF203; VACTERLX"
"CFC1","CFC1;CFC1;ENSG00000136698; HTX2; CFC1B; DTGA2; CRYPTIC"
"SESN1","SESN1;SESN1;ENSG00000080546; PA26; SEST1"
"ACVR2B","ACVR2B;ACVR2B;ENSG00000114739; HTX4; ACTRIIB; ActR-IIB"
"NODAL","NODAL;NODAL;ENSG00000156574; HTX5"
"CFAP53","CFAP53;CFAP53;ENSG00000172361; HTX6; CCDC11"
"MMP21","MMP21;MMP21;ENSG00000154485; HTX7; MMP-21"
"PKD1L1","PKD1L1;PKD1L1;ENSG00000158683; HTX8; PRO19563"
"MNS1","MNS1;MNS1;ENSG00000138587; HTX9; SPATA40"
"CFAP52","CFAP52;CFAP52;ENSG00000166596; HTX10; WDR16; WDRPUH"
"CFAP45","CFAP45;CFAP45;ENSG00000213085; HTX11; NESG1; CCDC19"
